ship_id,lon,lat,course,speed,timestamp
319,11.28688,-7.234983,109,0.1,2021-11-23 22:56:12
319,11.28667,-7.235,105,0.0,2021-11-23 23:17:26
319,11.28667,-7.235,273,0.0,2021-11-23 23:38:31
319,11.28667,-7.235,75,0.0,2021-11-23 23:59:33
319,11.28667,-7.235,142,0.0,2021-11-24 00:20:39
319,11.28703,-7.235083,255,0.1,2021-11-24 00:41:14
319,11.28667,-7.235,245,0.0,2021-11-24 01:02:45
319,11.28747,-7.2355,189,0.2,2021-11-24 01:23:14
319,11.28667,-7.235,115,0.0,2021-11-24 01:44:54
319,11.28667,-7.235,217,0.0,2021-11-24 02:05:53
319,11.28667,-7.235,151,0.0,2021-11-24 02:29:54
319,11.28667,-7.235,330,0.0,2021-11-24 02:50:58
319,11.28667,-7.235,350,0.0,2021-11-24 03:18:07
319,11.28667,-7.235,259,0.0,2021-11-24 03:39:09
319,11.28667,-7.235,257,0.0,2021-11-24 04:00:15
319,11.28667,-7.235,285,0.0,2021-11-24 04:24:16
319,11.28667,-7.235,358,0.0,2021-11-24 04:45:17
319,11.28667,-7.235,5,0.0,2021-11-24 05:06:21
319,11.285,-7.235,240,0.0,2021-11-24 05:27:23
319,11.285,-7.235,263,0.0,2021-11-24 05:48:30
319,11.285,-7.235,78,0.0,2021-11-24 06:12:35
319,11.285,-7.235,254,0.0,2021-11-24 06:33:37
319,11.285,-7.235,315,0.0,2021-11-24 06:54:41
319,11.285,-7.235,68,0.0,2021-11-24 07:18:43
319,11.285,-7.235,106,0.0,2021-11-24 07:45:49
319,11.285,-7.235,115,0.0,2021-11-24 08:09:52
319,11.28663,-7.234867,111,0.2,2021-11-24 08:32:18
319,11.28667,-7.235,155,0.0,2021-11-24 08:54:57
319,11.28667,-7.235,296,0.0,2021-11-24 09:16:05
319,11.28667,-7.235,315,0.0,2021-11-24 09:37:04
319,11.28667,-7.235,211,0.0,2021-11-24 09:58:08
319,11.28667,-7.235,156,0.0,2021-11-24 10:19:15
319,11.28667,-7.235,154,0.0,2021-11-24 10:40:19
1450,21.13072,55.69694,64,0.0,2021-11-23 22:57:18
1450,21.13074,55.69693,64,0.0,2021-11-23 23:18:30
1450,21.13071,55.6969,64,0.0,2021-11-23 23:39:19
1450,21.13072,55.69689,64,0.0,2021-11-24 00:00:33
1450,21.13074,55.69691,64,0.0,2021-11-24 00:20:33
1450,21.13074,55.69689,64,0.0,2021-11-24 00:41:33
1450,21.13071,55.6969,64,0.0,2021-11-24 01:02:42
1450,21.1307,55.69693,64,0.0,2021-11-24 01:23:51
1450,21.13073,55.69695,64,0.0,2021-11-24 01:45:03
1450,21.13074,55.6969,64,0.0,2021-11-24 02:06:15
1450,21.13067,55.69693,64,0.0,2021-11-24 02:27:16
1450,21.13074,55.69693,64,0.0,2021-11-24 02:48:23
1450,21.13076,55.69691,64,0.0,2021-11-24 03:09:22
1450,21.1307,55.69687,64,0.0,2021-11-24 03:29:42
1450,21.13069,55.69692,64,0.0,2021-11-24 03:50:48
1450,21.13074,55.69693,64,0.0,2021-11-24 04:11:57
1450,21.13065,55.69687,233,0.3,2021-11-24 04:33:12
1450,21.13047,55.69651,201,0.8,2021-11-24 04:35:15
1450,21.13031,55.69588,169,1.5,2021-11-24 04:37:21
1450,21.12977,55.6952,235,1.5,2021-11-24 04:39:27
1450,21.12799,55.6951,282,2.1,2021-11-24 04:41:33
1450,21.12641,55.69615,337,2.9,2021-11-24 04:43:39
1450,21.12498,55.69793,336,3.8,2021-11-24 04:45:42
1450,21.12322,55.70027,336,4.6,2021-11-24 04:47:52
1450,21.12117,55.70288,336,5.2,2021-11-24 04:49:58
1450,21.11893,55.70584,336,5.6,2021-11-24 04:52:06
1450,21.11657,55.70901,336,5.9,2021-11-24 04:54:13
1450,21.11406,55.71224,333,6.1,2021-11-24 04:56:18
1450,21.11086,55.71552,327,6.7,2021-11-24 04:58:24
1450,21.10637,55.7191,320,7.4,2021-11-24 05:00:36
1450,21.10079,55.72217,309,7.7,2021-11-24 05:02:43
1450,21.09391,55.72485,301,8.0,2021-11-24 05:04:51
1450,21.08641,55.72716,293,8.2,2021-11-24 05:06:57
1450,21.07844,55.72819,275,8.0,2021-11-24 05:09:03
1450,21.07015,55.72852,273,8.2,2021-11-24 05:11:09
1450,21.06166,55.72867,272,8.1,2021-11-24 05:13:15
1450,21.05291,55.72875,271,8.2,2021-11-24 05:15:28
1450,21.04431,55.72888,285,7.6,2021-11-24 05:17:42
1450,21.04006,55.73192,346,6.6,2021-11-24 05:19:48
1450,21.03676,55.73493,295,5.6,2021-11-24 05:21:56
1450,21.03023,55.73563,276,6.0,2021-11-24 05:24:18
1450,21.02295,55.73611,275,6.6,2021-11-24 05:26:38
1450,21.01562,55.73645,274,7.1,2021-11-24 05:28:49
1450,21.00664,55.73687,275,7.4,2021-11-24 05:31:19
1450,20.99536,55.73735,274,7.9,2021-11-24 05:34:19
1450,20.98686,55.73777,275,8.1,2021-11-24 05:36:29
1450,20.97688,55.73819,274,8.3,2021-11-24 05:38:58
1450,20.96704,55.73864,274,8.6,2021-11-24 05:41:19
1450,20.95707,55.73912,274,8.9,2021-11-24 05:43:38
1450,20.94608,55.73962,274,9.1,2021-11-24 05:46:07
1450,20.93528,55.74014,274,9.3,2021-11-24 05:48:29
1450,20.92447,55.74058,274,9.7,2021-11-24 05:50:49
1450,20.91255,55.74111,274,9.8,2021-11-24 05:53:18
1450,20.90121,55.74163,274,10.0,2021-11-24 05:55:40
1450,20.88885,55.74219,274,10.1,2021-11-24 05:58:09
1450,20.87717,55.74271,275,10.3,2021-11-24 06:00:28
1450,20.86296,55.74344,274,10.4,2021-11-24 06:03:18
1450,20.85185,55.74397,273,10.4,2021-11-24 06:05:29
1450,20.83911,55.7445,274,10.4,2021-11-24 06:07:59
1450,20.82721,55.74508,274,10.4,2021-11-24 06:10:19
1450,20.81232,55.7447,258,10.0,2021-11-24 06:13:18
1450,20.80061,55.74249,250,10.1,2021-11-24 06:15:48
1450,20.78961,55.74034,250,10.2,2021-11-24 06:18:08
1450,20.77805,55.73768,246,10.3,2021-11-24 06:20:38
1450,20.76722,55.73493,245,10.3,2021-11-24 06:22:59
1450,20.75577,55.73205,245,10.3,2021-11-24 06:25:28
1450,20.74487,55.72927,246,10.3,2021-11-24 06:27:48
1450,20.73347,55.72625,244,10.3,2021-11-24 06:30:18
1450,20.72268,55.72335,244,10.3,2021-11-24 06:32:38
1450,20.71184,55.72047,244,10.4,2021-11-24 06:34:59
1450,20.69964,55.71723,244,10.3,2021-11-24 06:37:39
1450,20.68819,55.71425,245,10.3,2021-11-24 06:40:09
1450,20.67607,55.71114,245,10.3,2021-11-24 06:42:48
1450,20.66389,55.70796,245,10.3,2021-11-24 06:45:28
1450,20.65314,55.70516,244,10.3,2021-11-24 06:47:49
1450,20.63934,55.70157,246,10.4,2021-11-24 06:50:49
1450,20.62633,55.69832,244,10.3,2021-11-24 06:53:38
1450,20.614,55.69521,245,10.3,2021-11-24 06:56:19
1450,20.60344,55.6925,246,10.3,2021-11-24 06:58:37
1450,20.59018,55.68915,245,10.3,2021-11-24 07:01:28
1450,20.57793,55.68598,244,10.3,2021-11-24 07:04:09
1450,20.56644,55.68303,245,10.3,2021-11-24 07:06:41
1450,20.55183,55.67938,246,10.2,2021-11-24 07:09:49
1450,20.53669,55.67543,246,10.3,2021-11-24 07:13:07
1450,20.52516,55.67251,245,10.3,2021-11-24 07:15:38
1450,20.51366,55.6695,245,10.3,2021-11-24 07:18:07
1450,20.50266,55.66675,246,10.3,2021-11-24 07:20:28
1450,20.49032,55.66366,246,10.3,2021-11-24 07:23:09
1450,20.47971,55.66096,246,10.2,2021-11-24 07:25:28
1450,20.46971,55.65843,245,10.2,2021-11-24 07:27:39
1450,20.45841,55.65547,245,10.2,2021-11-24 07:30:09
1450,20.44699,55.65261,247,10.2,2021-11-24 07:32:39
1450,20.43551,55.64981,246,10.2,2021-11-24 07:35:08
1450,20.42566,55.64735,246,10.3,2021-11-24 07:37:18
1450,20.40963,55.64334,245,10.2,2021-11-24 07:40:48
1450,20.39354,55.63936,246,10.3,2021-11-24 07:44:18
1450,20.38443,55.63712,246,10.2,2021-11-24 07:46:18
1450,20.37366,55.63443,246,10.2,2021-11-24 07:48:38
1450,20.36459,55.63209,246,10.1,2021-11-24 07:50:38
1450,20.35389,55.62947,244,10.1,2021-11-24 07:52:58
1450,20.34488,55.62711,245,10.2,2021-11-24 07:54:58
1450,20.32986,55.62329,245,10.1,2021-11-24 07:58:18
1450,20.32076,55.621,246,10.2,2021-11-24 08:00:18
1450,20.2857,55.61188,245,10.1,2021-11-24 08:07:59
1450,20.27237,55.60847,246,10.0,2021-11-24 08:10:58
1450,20.26189,55.60578,246,9.9,2021-11-24 08:13:18
1450,20.24865,55.60241,245,10.0,2021-11-24 08:16:17
1450,20.24012,55.60018,245,9.9,2021-11-24 08:18:17
1450,20.21342,55.59335,245,9.9,2021-11-24 08:24:18
1450,20.19868,55.58951,245,9.9,2021-11-24 08:27:35
1450,20.10959,55.56651,244,9.9,2021-11-24 08:47:44
1909,-64.22403,21.38495,56,13.6,2021-11-23 23:33:22
1909,-64.12688,21.44755,54,13.7,2021-11-24 00:02:07
1909,-63.87311,21.62047,53,13.7,2021-11-24 01:19:38
1909,-63.85125,21.63551,53,13.7,2021-11-24 01:26:17
1909,-63.79543,21.67443,52,13.6,2021-11-24 01:43:26
1909,-63.77693,21.6875,52,13.7,2021-11-24 01:49:06
1909,-63.75285,21.70499,52,13.6,2021-11-24 01:56:35
1909,-63.55558,21.83608,53,13.4,2021-11-24 02:56:17
1909,-63.43423,21.91709,54,13.2,2021-11-24 03:33:28
1909,-63.18537,22.07723,56,13.1,2021-11-24 04:50:42
1909,-63.16963,22.08706,56,13.1,2021-11-24 04:55:29
1909,-63.12575,22.1149,55,13.5,2021-11-24 05:08:47
1909,-62.98581,22.20494,55,13.7,2021-11-24 05:50:39
1909,-62.89339,22.26435,55,13.6,2021-11-24 06:17:57
1909,-62.79889,22.3264,53,13.6,2021-11-24 06:46:18
1909,-62.73557,22.36981,53,13.6,2021-11-24 07:05:37
1909,-62.6413,22.43501,53,13.3,2021-11-24 07:34:38
1909,-62.61485,22.45345,52,13.3,2021-11-24 07:43:02
1909,-62.56991,22.48427,53,13.2,2021-11-24 07:56:57
1909,-62.47079,22.55053,54,12.8,2021-11-24 08:28:11
1909,-62.4381,22.57245,54,13.1,2021-11-24 08:38:29
1909,-62.4028,22.59656,54,13.0,2021-11-24 08:49:40
1909,-62.36527,22.62167,54,13.0,2021-11-24 09:01:31
1909,-62.3127,22.65725,53,13.3,2021-11-24 09:17:44
1909,-62.17624,22.74843,54,13.3,2021-11-24 09:59:40
1909,-62.09215,22.80427,55,13.4,2021-11-24 10:25:18
1968,-71.71017,-33.64643,171,0.0,2021-11-23 23:08:31
1968,-71.71013,-33.64629,59,0.1,2021-11-23 23:30:35
1968,-71.71013,-33.64619,233,0.0,2021-11-23 23:54:31
1968,-71.71015,-33.64635,106,0.1,2021-11-24 00:24:32
1968,-71.7104,-33.64638,71,0.1,2021-11-24 01:00:39
1968,-71.71003,-33.64676,130,0.2,2021-11-24 01:24:30
1968,-71.71017,-33.64743,334,0.1,2021-11-24 01:54:43
1968,-71.7104,-33.6479,12,0.1,2021-11-24 02:32:36
1968,-71.7104,-33.64797,70,0.1,2021-11-24 02:54:33
1968,-71.71046,-33.64801,208,0.1,2021-11-24 03:30:31
1968,-71.71043,-33.64792,354,0.1,2021-11-24 03:54:29
1968,-71.71059,-33.64821,54,0.1,2021-11-24 04:20:33
1968,-71.71085,-33.64835,239,0.1,2021-11-24 04:44:42
1968,-71.71096,-33.64842,356,0.1,2021-11-24 05:18:39
1968,-71.71117,-33.64863,103,0.1,2021-11-24 05:42:33
1968,-71.71136,-33.64873,263,0.1,2021-11-24 06:06:31
1968,-71.71147,-33.6488,47,0.1,2021-11-24 06:32:34
1968,-71.7117,-33.64885,80,0.1,2021-11-24 06:54:41
1968,-71.71162,-33.6488,45,0.1,2021-11-24 07:18:40
1968,-71.71199,-33.64897,268,0.4,2021-11-24 07:44:33
1968,-71.71204,-33.64896,302,0.1,2021-11-24 08:07:31
1968,-71.71166,-33.64897,90,0.1,2021-11-24 08:30:37
1968,-71.71158,-33.64893,124,0.1,2021-11-24 08:54:37
1968,-71.71154,-33.6489,63,0.3,2021-11-24 09:25:41
1968,-71.71166,-33.6489,66,0.1,2021-11-24 09:48:26
1968,-71.71157,-33.64892,74,0.4,2021-11-24 10:12:26
1968,-71.71172,-33.64895,37,0.1,2021-11-24 10:49:37
2077,9.735788,55.55547,357,0.0,2021-11-23 23:06:40
2077,9.735779,55.55547,16,0.0,2021-11-23 23:30:40
2077,9.735753,55.55544,18,0.0,2021-11-23 23:54:40
2077,9.73583,55.55547,18,0.0,2021-11-24 00:18:39
2077,9.73578,55.55545,35,0.0,2021-11-24 00:42:40
2077,9.735817,55.55547,22,0.0,2021-11-24 01:06:41
2077,9.735798,55.55546,2,0.0,2021-11-24 01:27:39
2077,9.735844,55.55547,19,0.0,2021-11-24 01:48:41
2077,9.735813,55.55545,31,0.0,2021-11-24 02:09:40
2077,9.73577,55.55544,9,0.0,2021-11-24 02:30:39
2077,9.735851,55.55549,25,0.0,2021-11-24 02:51:39
2077,9.735802,55.55545,17,0.0,2021-11-24 03:12:40
2077,9.73583,55.55545,31,0.0,2021-11-24 03:33:40
2077,9.73582,55.55547,14,0.0,2021-11-24 03:54:40
2077,9.735833,55.55545,29,0.0,2021-11-24 04:15:39
2077,9.735788,55.55547,42,0.0,2021-11-24 04:36:40
2077,9.735804,55.55545,22,0.0,2021-11-24 05:00:40
2077,9.735805,55.55545,350,0.0,2021-11-24 05:24:40
2077,9.735844,55.55546,348,0.0,2021-11-24 05:48:40
2077,9.735817,55.55546,317,0.0,2021-11-24 06:09:41
2077,9.735806,55.55547,321,0.0,2021-11-24 06:30:41
2077,9.73579,55.55545,253,0.0,2021-11-24 06:54:39
2077,9.735806,55.55544,2,0.0,2021-11-24 07:18:41
2077,9.735775,55.55544,256,0.0,2021-11-24 07:39:39
2077,9.735798,55.55544,334,0.0,2021-11-24 08:00:40
2077,9.735798,55.55545,309,0.0,2021-11-24 08:24:40
2077,9.735788,55.55548,343,0.0,2021-11-24 08:45:41
2077,9.735762,55.55544,285,0.0,2021-11-24 09:06:39
2077,9.735798,55.55544,263,0.0,2021-11-24 09:30:40
2077,9.735795,55.55545,261,0.0,2021-11-24 09:54:39
2077,9.735788,55.55545,305,0.0,2021-11-24 10:18:39
2077,9.735798,55.55545,339,0.0,2021-11-24 10:42:40
2601,114.0909,22.33561,58,0.0,2021-11-23 22:55:58
2601,114.09,22.335,70,0.0,2021-11-23 23:19:29
2601,114.0909,22.33564,211,0.0,2021-11-23 23:55:59
2601,114.0908,22.33563,258,0.0,2021-11-24 00:22:00
2601,114.0909,22.33568,101,0.0,2021-11-24 00:45:00
2601,114.0909,22.33563,302,0.0,2021-11-24 01:07:59
2601,114.0909,22.33564,301,0.0,2021-11-24 01:33:58
2601,114.0909,22.33564,290,0.0,2021-11-24 01:57:59
2601,114.0909,22.33563,135,0.0,2021-11-24 02:22:00
2601,114.0909,22.33566,198,0.0,2021-11-24 02:55:58
2601,114.0909,22.33567,353,0.0,2021-11-24 03:15:59
2601,114.0909,22.33564,297,0.0,2021-11-24 03:43:58
2601,114.091,22.33558,314,0.1,2021-11-24 04:10:00
2601,114.0909,22.33562,43,0.0,2021-11-24 04:31:01
2601,114.0909,22.3356,43,0.0,2021-11-24 04:51:01
2601,114.0909,22.33562,81,0.0,2021-11-24 05:19:01
2601,114.0909,22.33564,8,0.0,2021-11-24 05:39:59
2601,114.091,22.33563,255,0.0,2021-11-24 06:01:02
2601,114.0911,22.33561,90,0.0,2021-11-24 06:27:01
2601,114.0909,22.33562,298,0.0,2021-11-24 06:48:01
2601,114.0909,22.33561,175,0.0,2021-11-24 07:10:00
2601,114.0909,22.33564,175,0.0,2021-11-24 07:39:00
2601,114.0909,22.33565,175,0.0,2021-11-24 08:00:59
2601,114.0909,22.33564,187,0.0,2021-11-24 08:27:02
2601,114.09,22.335,32,0.0,2021-11-24 08:52:30
2601,114.0909,22.33566,32,0.0,2021-11-24 09:15:02
2601,114.0909,22.33566,229,0.0,2021-11-24 09:39:59
2601,114.0909,22.33563,211,0.0,2021-11-24 10:04:00
2601,114.0909,22.33563,211,0.0,2021-11-24 10:33:58
2634,128.8293,35.07679,210,0.5,2021-11-23 22:55:30
2634,128.8274,35.0756,225,2.7,2021-11-23 22:58:33
2634,128.8274,35.07323,93,3.1,2021-11-23 23:02:46
2634,128.8275,35.07357,269,1.6,2021-11-23 23:04:57
2634,128.8233,35.07337,267,5.7,2021-11-23 23:08:06
2634,128.8175,35.07318,267,7.9,2021-11-23 23:10:26
2634,128.8058,35.07279,268,9.8,2021-11-23 23:14:05
2634,128.798,35.07254,268,10.5,2021-11-23 23:16:16
2634,128.7906,35.07077,231,10.0,2021-11-23 23:18:36
2634,128.786,35.06442,205,9.2,2021-11-23 23:21:36
2634,128.782,35.05681,200,10.0,2021-11-23 23:24:36
2634,128.7791,35.05005,194,10.4,2021-11-23 23:27:06
2634,128.7786,35.04278,176,10.1,2021-11-23 23:29:46
2634,128.78,35.03703,165,9.3,2021-11-23 23:32:06
2634,128.7824,35.02924,164,7.4,2021-11-23 23:35:46
2634,128.784,35.0242,164,6.2,2021-11-23 23:38:46
2634,128.7862,35.01836,162,8.5,2021-11-23 23:41:36
2634,128.7892,35.01073,161,10.0,2021-11-23 23:44:36
2634,128.7917,35.00449,161,10.3,2021-11-23 23:46:55
2634,128.7941,34.99856,161,10.4,2021-11-23 23:49:06
2634,128.7974,34.98988,162,10.6,2021-11-23 23:52:15
2634,128.8,34.98285,164,10.6,2021-11-23 23:54:46
2634,128.804,34.97108,164,10.8,2021-11-23 23:58:56
2634,128.8082,34.95968,159,10.9,2021-11-24 00:02:56
2634,128.8122,34.95137,158,11.1,2021-11-24 00:05:55
2634,128.8162,34.94453,150,11.0,2021-11-24 00:08:27
2634,128.8247,34.93301,148,11.1,2021-11-24 00:12:55
2634,128.8309,34.9247,149,11.2,2021-11-24 00:16:06
2634,128.8353,34.91854,149,11.3,2021-11-24 00:18:26
2634,128.8406,34.91092,149,11.4,2021-11-24 00:21:16
2634,128.8472,34.90235,147,11.3,2021-11-24 00:24:35
2634,128.8548,34.89411,141,11.2,2021-11-24 00:27:56
2634,128.8613,34.8873,142,11.3,2021-11-24 00:30:47
2634,128.8671,34.88134,141,11.3,2021-11-24 00:33:16
2634,128.8741,34.8742,140,11.3,2021-11-24 00:36:16
2634,128.8804,34.86792,140,11.3,2021-11-24 00:38:55
2634,128.8895,34.85872,140,11.3,2021-11-24 00:42:46
2634,128.8966,34.85145,139,11.4,2021-11-24 00:45:46
2634,128.9028,34.84585,136,11.3,2021-11-24 00:48:15
2634,128.9092,34.8401,136,11.2,2021-11-24 00:50:46
2634,128.9156,34.83465,134,11.2,2021-11-24 00:53:15
2634,128.9219,34.82972,134,11.2,2021-11-24 00:55:36
2634,128.9286,34.82427,134,11.3,2021-11-24 00:58:06
2634,128.9349,34.81937,133,11.2,2021-11-24 01:00:25
2634,128.945,34.81092,138,11.2,2021-11-24 01:04:16
2634,128.9501,34.80629,138,11.2,2021-11-24 01:06:16
2634,128.9552,34.8012,140,11.3,2021-11-24 01:08:30
2634,128.9615,34.79456,141,11.2,2021-11-24 01:11:07
2634,128.9669,34.78824,146,11.2,2021-11-24 01:13:36
2634,128.9714,34.78187,151,11.3,2021-11-24 01:15:56
2634,128.9782,34.76955,158,11.2,2021-11-24 01:20:16
2634,128.9822,34.75796,166,11.3,2021-11-24 01:24:05
2634,128.9845,34.74961,166,11.3,2021-11-24 01:26:47
2634,128.9864,34.74189,169,11.3,2021-11-24 01:29:16
2634,128.9886,34.73152,169,11.3,2021-11-24 01:32:34
2634,128.9944,34.69722,172,11.2,2021-11-24 01:43:36
2634,128.9964,34.68442,171,11.2,2021-11-24 01:47:42
2634,128.9981,34.67273,176,11.0,2021-11-24 01:51:33
2634,129.0013,34.6412,176,10.1,2021-11-24 02:02:32
2634,129.0014,34.6271,180,10.0,2021-11-24 02:07:34
2634,129.0009,34.59638,181,10.2,2021-11-24 02:18:23
2634,128.9984,34.5631,186,10.1,2021-11-24 02:30:04
2634,128.9934,34.53385,189,10.2,2021-11-24 02:40:25
2634,128.9921,34.52834,195,10.0,2021-11-24 02:42:26
2634,128.9836,34.50517,202,9.9,2021-11-24 02:51:03
2634,128.9641,34.47502,210,10.0,2021-11-24 03:03:24
2634,128.9595,34.46822,208,9.8,2021-11-24 03:06:12
2634,128.9448,34.44661,208,9.6,2021-11-24 03:15:24
2634,128.9383,34.43667,211,9.7,2021-11-24 03:19:33
2634,128.9409,34.44061,207,9.6,2021-11-24 03:21:53
2634,128.9058,34.3938,217,10.1,2021-11-24 03:37:54
2634,128.8854,34.37286,221,10.3,2021-11-24 03:47:25
2634,128.8708,34.36002,224,10.2,2021-11-24 03:53:33
2634,128.8607,34.35161,226,10.4,2021-11-24 03:57:46
2634,128.8485,34.34175,224,10.4,2021-11-24 04:02:36
2634,128.8158,34.31583,228,10.4,2021-11-24 04:15:35
2634,128.799,34.30329,228,10.4,2021-11-24 04:22:06
2634,128.7903,34.29696,228,10.3,2021-11-24 04:25:22
2634,128.7768,34.28657,226,10.3,2021-11-24 04:30:46
2634,128.7467,34.26335,227,10.1,2021-11-24 04:42:54
2634,128.7344,34.25388,227,10.1,2021-11-24 04:47:56
2634,128.7328,34.25264,226,10.0,2021-11-24 04:52:32
2634,128.7095,34.23526,229,9.9,2021-11-24 04:57:54
2634,128.6967,34.22602,228,9.8,2021-11-24 05:03:04
2634,128.6951,34.22482,227,9.8,2021-11-24 05:07:41
2634,128.653,34.19478,233,9.4,2021-11-24 05:21:16
2634,128.6235,34.17498,230,9.7,2021-11-24 05:33:05
2634,128.6107,34.16599,230,9.6,2021-11-24 05:38:14
2634,128.5857,34.14864,229,9.7,2021-11-24 05:48:15
2634,128.5526,34.12493,228,9.8,2021-11-24 06:01:36
2634,128.5385,34.11432,228,9.8,2021-11-24 06:07:23
2634,128.5324,34.10994,229,9.7,2021-11-24 06:09:53
2634,128.5154,34.09833,230,9.6,2021-11-24 06:16:44
2634,128.4889,34.08053,228,9.8,2021-11-24 06:27:12
2634,128.4731,34.06936,228,9.8,2021-11-24 06:33:36
2634,128.4517,34.05388,229,9.6,2021-11-24 06:42:23
2634,128.4364,34.04332,228,9.7,2021-11-24 06:48:34
2634,128.404,34.01994,228,9.6,2021-11-24 07:01:56
2634,128.3678,33.99365,227,9.5,2021-11-24 07:17:06
2634,128.358,33.98431,222,9.5,2021-11-24 07:21:42
2634,128.3286,33.96473,230,9.1,2021-11-24 07:34:06
2634,128.3156,33.95581,231,9.2,2021-11-24 07:39:35
2634,128.3049,33.9486,230,9.2,2021-11-24 07:44:04
2634,128.2934,33.9407,229,9.2,2021-11-24 07:48:56
2634,128.2623,33.9187,229,9.2,2021-11-24 08:02:15
2634,128.2219,33.8898,225,9.4,2021-11-24 08:19:26
2634,128.1873,33.86385,228,9.4,2021-11-24 08:34:06
2634,128.1735,33.85363,228,9.4,2021-11-24 08:39:54
2634,128.1619,33.84523,229,9.4,2021-11-24 08:44:44
2634,128.1512,33.83732,227,9.4,2021-11-24 08:49:15
2634,128.1198,33.81377,227,9.6,2021-11-24 09:02:26
2634,128.0845,33.78673,228,9.4,2021-11-24 09:17:26
2634,128.0436,33.75673,231,9.6,2021-11-24 09:34:26
2634,128.0176,33.7384,230,9.5,2021-11-24 09:45:04
2634,128.0066,33.73077,230,9.5,2021-11-24 09:49:36
2634,127.9811,33.71338,230,9.6,2021-11-24 09:59:55
2634,127.9741,33.7087,231,9.6,2021-11-24 10:02:45
2634,127.9248,33.67502,230,9.6,2021-11-24 10:22:46
2634,127.9174,33.66995,230,9.5,2021-11-24 10:25:45
2634,127.8946,33.65434,230,9.7,2021-11-24 10:34:55
2634,127.8647,33.63408,231,9.8,2021-11-24 10:46:44
2752,174.0368,-38.98435,114,1.6,2021-11-23 22:54:20
2752,174.0382,-38.98478,107,1.3,2021-11-23 22:57:20
2752,174.0394,-38.98505,108,1.0,2021-11-23 23:00:22
2752,174.0404,-38.98526,107,0.9,2021-11-23 23:03:20
2752,174.0412,-38.98544,116,0.9,2021-11-23 23:06:22
2752,174.0417,-38.98558,109,1.2,2021-11-23 23:09:20
2752,174.042,-38.98566,118,0.6,2021-11-23 23:12:23
2752,174.0421,-38.98559,143,0.4,2021-11-23 23:15:19
2752,174.0422,-38.98543,354,0.8,2021-11-23 23:18:25
2752,174.042,-38.98512,341,0.8,2021-11-23 23:21:19
2752,174.0418,-38.9848,329,0.6,2021-11-23 23:24:23
2752,174.0416,-38.98444,336,0.9,2021-11-23 23:27:20
2752,174.0415,-38.98399,339,0.9,2021-11-23 23:30:23
2752,174.041,-38.98359,335,1.1,2021-11-23 23:33:19
2752,174.0407,-38.98318,327,1.2,2021-11-23 23:36:21
2752,174.0404,-38.98277,316,0.9,2021-11-23 23:39:20
2752,174.04,-38.98239,308,0.9,2021-11-23 23:42:22
2752,174.0396,-38.98213,302,0.8,2021-11-23 23:45:19
2752,174.0391,-38.98199,286,0.4,2021-11-23 23:48:21
2752,174.0387,-38.98187,290,0.5,2021-11-23 23:51:21
2752,174.0393,-38.98156,77,1.7,2021-11-23 23:54:22
2752,174.0412,-38.98168,124,2.6,2021-11-23 23:56:33
2752,174.0424,-38.9837,160,4.3,2021-11-23 23:58:54
2752,174.0442,-38.98665,154,5.9,2021-11-24 00:01:13
2752,174.0474,-38.99018,141,6.7,2021-11-24 00:03:33
2752,174.0508,-38.99328,140,6.1,2021-11-24 00:05:54
2752,174.0532,-38.99664,156,6.7,2021-11-24 00:08:04
2752,174.0554,-39.00119,160,7.9,2021-11-24 00:10:24
2752,174.0577,-39.00701,169,9.4,2021-11-24 00:12:53
2752,174.059,-39.01289,168,10.0,2021-11-24 00:15:04
2752,174.0592,-39.01925,192,9.9,2021-11-24 00:17:23
2752,174.057,-39.02544,197,9.8,2021-11-24 00:19:44
2752,174.0546,-39.03121,198,8.7,2021-11-24 00:22:04
2752,174.0526,-39.03587,198,7.8,2021-11-24 00:24:13
2752,174.0504,-39.04075,202,7.1,2021-11-24 00:26:43
2752,174.0482,-39.04493,204,6.7,2021-11-24 00:29:04
2752,174.0461,-39.0493,199,6.0,2021-11-24 00:31:43
2752,174.0446,-39.05238,212,5.1,2021-11-24 00:33:53
2752,174.042,-39.05431,238,4.0,2021-11-24 00:36:04
2752,174.0393,-39.05515,253,1.3,2021-11-24 00:39:24
2752,174.0386,-39.05486,334,0.3,2021-11-24 00:43:14
2752,174.0385,-39.05505,208,0.6,2021-11-24 00:45:32
2752,174.0381,-39.05545,223,1.1,2021-11-24 00:47:41
2752,174.0367,-39.05629,230,1.5,2021-11-24 00:51:26
2752,174.0356,-39.05698,227,1.2,2021-11-24 00:54:21
2752,174.0349,-39.05727,235,0.9,2021-11-24 00:56:32
2752,174.0343,-39.05754,245,0.5,2021-11-24 00:58:52
2752,174.0344,-39.05761,145,0.3,2021-11-24 01:01:11
2752,174.0343,-39.05769,245,0.1,2021-11-24 01:22:31
2752,174.0342,-39.05766,245,0.1,2021-11-24 01:42:33
2752,174.0343,-39.05766,245,0.0,2021-11-24 02:03:32
2752,174.0343,-39.05766,245,0.0,2021-11-24 02:24:32
2752,174.0343,-39.05773,245,0.1,2021-11-24 02:45:33
2752,174.0343,-39.05776,245,0.0,2021-11-24 03:06:38
2752,174.0343,-39.05767,245,0.0,2021-11-24 03:27:34
2752,174.0343,-39.05765,245,0.0,2021-11-24 03:51:35
2752,174.0343,-39.0577,245,0.0,2021-11-24 04:12:33
2752,174.0343,-39.05769,245,0.0,2021-11-24 04:33:28
2752,174.0343,-39.05768,245,0.0,2021-11-24 04:54:34
2752,174.0343,-39.05767,245,0.1,2021-11-24 05:15:32
2752,174.0343,-39.05765,245,0.0,2021-11-24 05:39:36
2752,174.0342,-39.0577,245,0.0,2021-11-24 06:00:36
2752,174.0343,-39.05768,245,0.0,2021-11-24 06:21:34
2752,174.0343,-39.05767,245,0.0,2021-11-24 06:42:34
2752,174.0343,-39.05768,245,0.0,2021-11-24 07:03:35
2752,174.0344,-39.05774,245,0.0,2021-11-24 07:24:33
2752,174.0343,-39.05765,245,0.0,2021-11-24 07:45:36
2752,174.0343,-39.05765,245,0.0,2021-11-24 08:06:36
2752,174.0343,-39.05763,245,0.0,2021-11-24 08:27:33
2752,174.0343,-39.05767,245,0.0,2021-11-24 08:48:36
2752,174.0343,-39.05767,245,0.0,2021-11-24 09:12:35
2752,174.0343,-39.05764,245,0.0,2021-11-24 09:33:33
2752,174.0343,-39.05769,245,0.0,2021-11-24 09:54:33
2752,174.0342,-39.05768,245,0.1,2021-11-24 10:15:36
2752,174.0343,-39.05767,245,0.0,2021-11-24 10:36:32
2973,61.83311,22.07023,126,12.7,2021-11-23 22:56:10
2973,61.84428,22.06267,125,12.6,2021-11-23 22:59:49
2973,61.85553,22.05514,125,12.6,2021-11-23 23:03:31
2973,61.88353,22.0365,127,12.5,2021-11-23 23:12:38
2973,61.9198,22.00943,128,12.4,2021-11-23 23:25:14
2973,61.93193,22.00042,128,12.4,2021-11-23 23:29:19
2973,61.93877,21.99538,128,12.4,2021-11-23 23:31:39
2973,61.97493,21.96865,128,12.4,2021-11-23 23:44:09
2973,61.99997,21.95008,128,12.3,2021-11-23 23:52:47
2973,62.01833,21.93634,128,12.4,2021-11-23 23:59:10
2973,62.04541,21.91626,128,12.4,2021-11-24 00:08:27
2973,62.05513,21.90906,127,12.4,2021-11-24 00:11:51
2973,62.07237,21.89665,127,12.6,2021-11-24 00:17:41
2973,62.09866,21.8779,127,12.6,2021-11-24 00:26:28
2973,62.12211,21.86154,126,12.4,2021-11-24 00:34:21
2973,62.15693,21.83651,128,12.1,2021-11-24 00:46:19
2973,62.16595,21.82982,128,12.1,2021-11-24 00:49:32
2973,62.17451,21.82353,128,12.1,2021-11-24 00:52:33
2973,62.19703,21.80683,128,12.2,2021-11-24 01:00:27
2973,62.22272,21.78776,128,12.2,2021-11-24 01:09:31
2973,62.23738,21.77689,128,12.3,2021-11-24 01:14:36
2973,62.26822,21.75428,128,12.3,2021-11-24 01:25:20
2973,62.28701,21.7407,127,12.3,2021-11-24 01:31:40
2973,62.30499,21.72774,127,12.3,2021-11-24 01:37:52
2973,62.32536,21.71316,127,12.4,2021-11-24 01:44:19
2973,62.34118,21.70185,127,12.4,2021-11-24 01:50:20
2973,62.36063,21.68789,127,12.4,2021-11-24 01:56:51
2973,62.37353,21.67859,128,12.5,2021-11-24 02:01:19
2973,62.39946,21.65966,127,12.5,2021-11-24 02:10:10
2973,62.41022,21.65166,128,12.6,2021-11-24 02:13:52
2973,62.41991,21.64437,128,12.5,2021-11-24 02:17:09
2973,62.46173,21.61278,129,12.6,2021-11-24 02:31:31
2973,62.48597,21.59427,129,12.6,2021-11-24 02:39:48
2973,62.50542,21.57959,128,12.6,2021-11-24 02:46:30
2973,62.5181,21.57008,128,12.6,2021-11-24 02:50:52
2973,62.54237,21.55164,129,12.6,2021-11-24 02:59:09
2973,62.56271,21.53605,130,12.7,2021-11-24 03:06:12
2973,62.57054,21.53016,129,12.7,2021-11-24 03:08:52
2973,62.59062,21.51513,128,12.6,2021-11-24 03:15:42
2973,62.59795,21.50973,129,12.6,2021-11-24 03:18:10
2973,62.61788,21.49474,129,12.5,2021-11-24 03:25:00
2973,62.62368,21.49039,128,12.5,2021-11-24 03:27:01
2973,62.63046,21.48529,129,12.5,2021-11-24 03:29:22
2973,62.63723,21.48021,128,12.4,2021-11-24 03:31:41
2973,62.64306,21.47589,128,12.5,2021-11-24 03:33:42
2973,62.65122,21.4698,129,12.5,2021-11-24 03:36:30
2973,62.66431,21.46004,128,12.5,2021-11-24 03:41:01
2973,62.70066,21.43277,128,12.5,2021-11-24 03:53:32
2973,62.71335,21.42343,128,12.5,2021-11-24 03:57:50
2973,62.72499,21.41461,129,12.5,2021-11-24 04:01:50
2973,62.73863,21.40423,129,12.6,2021-11-24 04:06:31
2973,62.75795,21.38928,130,12.6,2021-11-24 04:13:11
2973,62.77783,21.37394,129,12.6,2021-11-24 04:19:59
2973,62.79611,21.35995,129,12.6,2021-11-24 04:26:17
2973,62.80626,21.35212,129,12.6,2021-11-24 04:29:18
2973,62.83147,21.33261,129,12.7,2021-11-24 04:38:31
2973,62.8509,21.3176,130,12.7,2021-11-24 04:45:10
2973,62.86664,21.30574,128,12.7,2021-11-24 04:50:32
2973,62.87449,21.29995,128,12.7,2021-11-24 04:53:02
2973,62.88194,21.2944,128,12.7,2021-11-24 04:55:43
2973,62.88977,21.28846,128,12.7,2021-11-24 04:58:22
2973,62.90285,21.2792,124,12.7,2021-11-24 05:02:43
2973,62.9163,21.27032,124,12.7,2021-11-24 05:07:03
2973,62.94919,21.24965,124,12.7,2021-11-24 05:17:31
2973,62.95919,21.24341,122,12.6,2021-11-24 05:20:43
2973,62.96559,21.23967,122,12.7,2021-11-24 05:22:43
2973,62.97835,21.23215,122,12.6,2021-11-24 05:26:38
2973,63.00785,21.21452,122,12.6,2021-11-24 05:35:59
2973,63.02627,21.20338,123,12.7,2021-11-24 05:41:51
2973,63.05535,21.18493,124,12.7,2021-11-24 05:51:11
2973,63.06925,21.17601,124,12.7,2021-11-24 05:55:32
2973,63.07694,21.171,125,12.7,2021-11-24 05:57:58
2973,63.1001,21.15604,126,12.7,2021-11-24 06:05:27
2973,63.13406,21.13361,125,12.7,2021-11-24 06:16:38
2973,63.14933,21.12345,125,12.6,2021-11-24 06:21:39
2973,63.16419,21.1137,125,12.7,2021-11-24 06:26:30
2973,63.19347,21.09446,124,12.7,2021-11-24 06:36:00
2973,63.22637,21.07283,124,12.7,2021-11-24 06:46:38
2973,63.24335,21.06164,125,12.7,2021-11-24 06:52:10
2973,63.2791,21.03838,125,12.7,2021-11-24 07:03:38
2973,63.29819,21.02331,129,12.6,2021-11-24 07:10:16
2973,63.33027,20.99483,134,12.7,2021-11-24 07:22:09
2973,63.33742,20.98804,135,12.7,2021-11-24 07:24:50
2973,63.344,20.98174,135,12.7,2021-11-24 07:27:21
2973,63.37223,20.95512,133,12.6,2021-11-24 07:38:01
2973,63.39705,20.93301,133,12.6,2021-11-24 07:47:07
2973,63.42846,20.90616,132,12.7,2021-11-24 07:58:32
2973,63.43632,20.89948,131,12.7,2021-11-24 08:01:19
2973,63.44799,20.88959,132,12.7,2021-11-24 08:05:27
2973,63.48119,20.86378,128,12.7,2021-11-24 08:16:55
2973,63.49949,20.85042,127,12.7,2021-11-24 08:23:09
2973,63.51144,20.84181,127,12.7,2021-11-24 08:27:06
2973,63.52177,20.83424,128,12.7,2021-11-24 08:30:36
2973,63.54103,20.82023,127,12.6,2021-11-24 08:37:13
2973,63.55185,20.81235,127,12.6,2021-11-24 08:40:52
2973,63.56067,20.80598,127,12.6,2021-11-24 08:43:51
2973,63.56952,20.7996,127,12.6,2021-11-24 08:46:52
2973,63.57795,20.79349,128,12.6,2021-11-24 08:49:42
2973,63.58575,20.7877,127,12.7,2021-11-24 08:52:22
2973,63.59165,20.78337,127,12.7,2021-11-24 08:54:22
2973,63.60095,20.77657,127,12.7,2021-11-24 08:57:21
2973,63.62227,20.76098,128,12.8,2021-11-24 09:04:45
2973,63.63992,20.74786,127,12.7,2021-11-24 09:10:42
2973,63.65221,20.73867,128,12.7,2021-11-24 09:14:52
2973,63.67425,20.72228,128,12.7,2021-11-24 09:22:20
2973,63.68405,20.71496,128,12.7,2021-11-24 09:25:39
2973,63.69977,20.70313,128,12.8,2021-11-24 09:30:58
2973,63.70707,20.69756,129,12.8,2021-11-24 09:33:29
2973,63.72513,20.68396,128,12.8,2021-11-24 09:39:42
2973,63.7618,20.65592,129,12.9,2021-11-24 09:52:07
2973,63.78813,20.63538,129,12.9,2021-11-24 10:01:11
2973,63.80661,20.62089,130,12.9,2021-11-24 10:07:26
2973,63.81349,20.61547,130,12.9,2021-11-24 10:09:47
2973,63.82467,20.60662,130,12.9,2021-11-24 10:13:40
2973,63.85393,20.58359,129,12.9,2021-11-24 10:23:37
2973,63.9174,20.53487,129,13.0,2021-11-24 10:45:00
3092,35.083,-19.91887,167,0.5,2021-11-23 23:09:31
3092,35.08313,-19.91889,315,0.1,2021-11-23 23:45:31
3092,35.08291,-19.91841,348,0.0,2021-11-24 00:27:30
3092,35.08296,-19.91861,101,0.1,2021-11-24 01:00:33
3092,35.08287,-19.91829,339,0.6,2021-11-24 01:27:30
3092,35.08297,-19.91838,182,0.0,2021-11-24 01:48:33
3092,35.083,-19.91842,188,0.5,2021-11-24 02:15:32
3092,35.08295,-19.91828,355,0.4,2021-11-24 03:12:30
3092,35.08296,-19.9181,356,0.5,2021-11-24 03:30:36
3092,35.08296,-19.91828,327,0.1,2021-11-24 04:03:30
3092,35.08319,-19.91856,158,0.4,2021-11-24 04:24:31
3092,35.08303,-19.91836,347,0.5,2021-11-24 04:54:31
3092,35.08307,-19.91816,324,0.1,2021-11-24 05:15:30
3092,35.08315,-19.91784,340,0.1,2021-11-24 05:39:30
3092,35.08359,-19.91689,35,0.3,2021-11-24 06:12:31
3092,35.08507,-19.91543,261,0.7,2021-11-24 06:42:30
3092,35.08524,-19.91543,99,0.8,2021-11-24 06:45:30
3092,35.085,-19.91555,153,0.1,2021-11-24 07:06:34
3092,35.08477,-19.91558,229,0.2,2021-11-24 07:30:35
3092,35.08509,-19.91556,100,0.5,2021-11-24 08:06:35
3092,35.08506,-19.91555,93,0.6,2021-11-24 08:39:33
3092,35.085,-19.91558,89,0.8,2021-11-24 08:54:31
3092,35.0852,-19.91549,106,0.4,2021-11-24 09:21:33
3092,35.08483,-19.91557,260,0.2,2021-11-24 09:45:30
3092,35.08437,-19.9157,49,0.1,2021-11-24 10:24:31
3334,65.04082,23.3978,344,6.4,2021-11-23 22:57:13
3334,65.03833,23.408,347,6.4,2021-11-23 23:03:04
3334,65.03712,23.41326,347,6.4,2021-11-23 23:06:00
3334,65.03493,23.4227,348,6.4,2021-11-23 23:11:20
3334,65.03345,23.42937,348,6.4,2021-11-23 23:15:13
3334,65.03049,23.44227,348,6.4,2021-11-23 23:22:34
3334,65.0285,23.45114,347,6.4,2021-11-23 23:27:34
3334,65.02569,23.46372,348,6.4,2021-11-23 23:34:43
3334,65.019,23.49199,327,5.3,2021-11-23 23:51:05
3334,65.01144,23.49225,245,4.5,2021-11-23 23:57:33
3334,64.99565,23.48578,247,5.5,2021-11-24 00:08:41
3334,64.98897,23.48311,246,5.6,2021-11-24 00:13:03
3334,64.97848,23.48625,38,2.2,2021-11-24 00:27:02
3334,64.98132,23.4882,64,1.8,2021-11-24 00:33:08
3334,64.98412,23.48872,93,1.3,2021-11-24 00:39:04
3334,64.98608,23.48826,110,0.9,2021-11-24 00:45:06
3334,64.98679,23.48797,112,0.8,2021-11-24 00:48:05
3334,64.99086,23.48577,123,0.8,2021-11-24 01:06:07
3334,64.99226,23.48496,123,0.9,2021-11-24 01:12:07
3334,64.99423,23.48374,125,0.9,2021-11-24 01:21:06
3334,64.99558,23.48288,124,0.9,2021-11-24 01:26:34
3334,64.99688,23.48202,126,0.8,2021-11-24 01:33:06
3334,64.99817,23.4811,126,0.9,2021-11-24 01:39:09
3334,64.99887,23.48066,124,0.9,2021-11-24 01:41:34
3334,64.99954,23.4802,125,0.9,2021-11-24 01:45:08
3334,65.00233,23.47855,121,0.9,2021-11-24 01:57:03
3334,65.00307,23.47814,121,0.9,2021-11-24 02:00:05
3334,65.00452,23.47733,123,0.9,2021-11-24 02:06:07
3334,65.00661,23.4761,122,0.9,2021-11-24 02:15:06
3334,65.0096,23.47449,120,0.9,2021-11-24 02:27:07
3334,65.01033,23.47407,120,0.9,2021-11-24 02:30:08
3334,65.01175,23.47322,122,0.9,2021-11-24 02:36:06
3334,65.01317,23.47239,122,0.9,2021-11-24 02:42:09
3334,65.01462,23.4715,124,0.9,2021-11-24 02:47:34
3334,65.01533,23.47106,122,0.9,2021-11-24 02:51:05
3334,65.01678,23.47019,122,0.9,2021-11-24 02:57:09
3334,65.01964,23.46846,123,0.9,2021-11-24 03:08:34
3334,65.02036,23.46803,123,0.9,2021-11-24 03:12:04
3334,65.02172,23.46725,121,0.9,2021-11-24 03:18:09
3334,65.02303,23.4665,120,0.9,2021-11-24 03:24:06
3334,65.02589,23.46493,121,0.9,2021-11-24 03:36:02
3334,65.02798,23.46384,121,0.8,2021-11-24 03:45:05
3334,65.03003,23.46274,120,0.9,2021-11-24 03:54:04
3334,65.03072,23.46238,119,0.8,2021-11-24 03:57:05
3334,65.0321,23.46165,119,0.9,2021-11-24 04:03:09
3334,65.03471,23.46024,118,0.8,2021-11-24 04:15:05
3334,65.03537,23.4599,117,0.8,2021-11-24 04:18:07
3334,65.03884,23.45822,121,0.8,2021-11-24 04:32:35
3334,65.03947,23.45789,120,0.8,2021-11-24 04:36:08
3334,65.04075,23.45713,123,0.8,2021-11-24 04:42:06
3334,65.04266,23.45594,122,0.8,2021-11-24 04:51:04
3334,65.04402,23.4552,120,0.9,2021-11-24 04:57:05
3334,65.04668,23.45363,123,0.8,2021-11-24 05:09:08
3334,65.04733,23.4532,123,0.8,2021-11-24 05:12:08
3334,65.04922,23.45201,125,0.8,2021-11-24 05:21:07
3334,65.05183,23.45029,123,0.9,2021-11-24 05:33:05
3334,65.05249,23.44989,124,0.8,2021-11-24 05:36:05
3334,65.05376,23.44905,125,0.8,2021-11-24 05:42:08
3334,65.05439,23.44864,125,0.8,2021-11-24 05:45:08
3334,65.055,23.44827,124,0.8,2021-11-24 05:48:09
3334,65.05564,23.44788,124,0.9,2021-11-24 05:51:08
3334,65.05625,23.44745,123,0.8,2021-11-24 05:54:08
3334,65.05689,23.44706,125,0.8,2021-11-24 05:57:09
3334,65.05811,23.44627,125,0.8,2021-11-24 06:03:09
3334,65.05872,23.44588,123,0.8,2021-11-24 06:06:09
3334,65.0593,23.44547,122,0.8,2021-11-24 06:09:08
3334,65.05995,23.44512,124,0.8,2021-11-24 06:12:09
3334,65.06056,23.44469,126,0.8,2021-11-24 06:15:10
3334,65.06174,23.44385,126,0.8,2021-11-24 06:21:10
3334,65.06237,23.44346,125,0.8,2021-11-24 06:24:07
3334,65.06564,23.44119,128,0.9,2021-11-24 06:39:09
3334,65.06692,23.44026,127,0.9,2021-11-24 06:45:06
3334,65.06878,23.43888,130,0.9,2021-11-24 06:54:08
3334,65.07007,23.43798,126,0.9,2021-11-24 07:00:05
3334,65.07072,23.43756,126,0.9,2021-11-24 07:03:07
3334,65.07269,23.43624,127,0.9,2021-11-24 07:12:10
3334,65.07408,23.43526,127,1.0,2021-11-24 07:18:09
3334,65.07478,23.4348,126,0.9,2021-11-24 07:21:09
3334,65.07682,23.43336,129,1.0,2021-11-24 07:30:08
3334,65.07751,23.43287,128,1.0,2021-11-24 07:33:09
3334,65.07816,23.43236,129,0.9,2021-11-24 07:36:09
3334,65.07883,23.43185,130,1.0,2021-11-24 07:39:08
3334,65.07951,23.43133,132,0.9,2021-11-24 07:42:09
3334,65.08077,23.43028,132,0.9,2021-11-24 07:48:10
3334,65.08208,23.4292,130,0.9,2021-11-24 07:54:10
3334,65.08272,23.42869,130,0.9,2021-11-24 07:57:09
3334,65.08341,23.42817,131,0.9,2021-11-24 08:00:09
3334,65.08402,23.42766,132,0.8,2021-11-24 08:03:03
3334,65.08591,23.42602,133,1.0,2021-11-24 08:12:08
3334,65.08661,23.42545,132,1.0,2021-11-24 08:15:06
3334,65.08981,23.42259,133,0.9,2021-11-24 08:30:09
3334,65.09106,23.42148,135,1.0,2021-11-24 08:36:06
3334,65.0923,23.42024,136,1.0,2021-11-24 08:42:09
3334,65.09355,23.41903,138,1.0,2021-11-24 08:48:06
3334,65.09406,23.41837,138,1.0,2021-11-24 08:51:10
3334,65.09665,23.41588,138,1.0,2021-11-24 09:03:08
3334,65.09724,23.41521,140,1.0,2021-11-24 09:06:07
3334,65.09893,23.41323,142,0.9,2021-11-24 09:15:08
3334,65.10043,23.41125,146,1.0,2021-11-24 09:24:06
3334,65.10191,23.4092,145,0.9,2021-11-24 09:33:06
3334,65.10453,23.40588,144,1.0,2021-11-24 09:48:06
3334,65.10609,23.40395,142,0.9,2021-11-24 09:57:08
3334,65.10661,23.40332,143,0.9,2021-11-24 10:00:08
3334,65.10758,23.40206,146,0.9,2021-11-24 10:06:09
3334,65.10854,23.40075,147,1.0,2021-11-24 10:12:10
3334,65.10941,23.39942,149,1.0,2021-11-24 10:18:24
3334,65.11033,23.39804,149,0.9,2021-11-24 10:24:10
3334,65.11121,23.39668,149,0.9,2021-11-24 10:30:07
3334,65.11207,23.39535,151,0.8,2021-11-24 10:36:07
3334,65.11356,23.39285,150,0.8,2021-11-24 10:48:05
3334,65.11394,23.39225,151,0.8,2021-11-24 10:51:09
3338,28.73043,60.70967,348,0.0,2021-11-23 23:12:49
3338,28.7304,60.70967,307,0.0,2021-11-23 23:33:54
3338,28.73042,60.70967,359,0.0,2021-11-23 23:56:49
3338,28.73038,60.70967,353,0.0,2021-11-24 00:17:55
3338,28.7304,60.70965,11,0.0,2021-11-24 00:42:41
3338,28.7304,60.70967,50,0.0,2021-11-24 01:07:44
3338,28.73041,60.70967,43,0.0,2021-11-24 01:28:48
3338,28.73042,60.70967,359,0.0,2021-11-24 01:50:52
3338,28.73041,60.70969,359,0.0,2021-11-24 02:15:49
3338,28.73045,60.70967,33,0.0,2021-11-24 02:41:45
3338,28.73042,60.70967,231,0.0,2021-11-24 03:05:44
3338,28.73042,60.70967,38,0.0,2021-11-24 03:30:49
3338,28.73046,60.70967,37,0.0,2021-11-24 03:54:53
3338,28.73038,60.70965,36,0.0,2021-11-24 04:14:56
3338,28.73041,60.70965,62,0.0,2021-11-24 04:38:49
3338,28.73044,60.70969,351,0.0,2021-11-24 04:58:57
3338,28.73044,60.70969,17,0.0,2021-11-24 05:34:46
3338,28.7304,60.70967,21,0.0,2021-11-24 05:58:50
3338,28.73039,60.70967,7,0.0,2021-11-24 06:22:51
3338,28.73041,60.70967,9,0.0,2021-11-24 06:56:56
3338,28.73043,60.70967,287,0.0,2021-11-24 07:19:56
3338,28.7304,60.70969,325,0.0,2021-11-24 07:44:58
3338,28.73042,60.70967,347,0.0,2021-11-24 08:09:49
3338,28.73041,60.70969,347,0.0,2021-11-24 08:33:47
3338,28.7304,60.70967,294,0.0,2021-11-24 08:58:54
3338,28.73041,60.70967,319,0.0,2021-11-24 09:23:51
3338,28.73041,60.70967,3,0.0,2021-11-24 09:49:44
3338,28.7304,60.70967,351,0.0,2021-11-24 10:14:47
3338,28.73042,60.70967,341,0.0,2021-11-24 10:38:42
3454,-14.01223,29.32132,218,12.1,2021-11-23 22:57:57
3454,-14.07272,29.25552,218,12.1,2021-11-23 23:23:08
3454,-14.10527,29.21865,217,12.1,2021-11-23 23:36:58
3454,-14.20084,29.11645,219,12.3,2021-11-24 00:16:00
3454,-14.27457,29.03952,221,12.1,2021-11-24 00:45:19
3454,-14.39183,28.91885,220,12.5,2021-11-24 01:31:31
3454,-14.48916,28.81969,220,12.4,2021-11-24 02:09:23
3454,-14.56806,28.74026,221,12.4,2021-11-24 02:40:02
3454,-14.62387,28.68403,221,12.6,2021-11-24 03:01:32
3454,-14.63519,28.67253,221,12.5,2021-11-24 03:05:49
3454,-14.6733,28.63317,220,12.5,2021-11-24 03:20:39
3454,-14.77827,28.5163,217,12.4,2021-11-24 04:03:41
3454,-14.81964,28.46789,217,12.6,2021-11-24 04:21:01
3454,-14.83575,28.44929,218,12.6,2021-11-24 04:27:38
3454,-14.85831,28.42419,218,12.5,2021-11-24 04:36:48
3454,-14.87187,28.40919,218,12.4,2021-11-24 04:42:22
3454,-14.87945,28.4007,218,12.3,2021-11-24 04:45:28
3454,-14.89028,28.38867,218,12.1,2021-11-24 04:49:57
3454,-14.8979,28.38022,218,12.3,2021-11-24 04:53:07
3454,-14.90288,28.37352,211,12.3,2021-11-24 04:55:28
3454,-14.909,28.36482,212,12.3,2021-11-24 04:58:28
3454,-14.91343,28.35846,211,12.3,2021-11-24 05:00:39
3454,-14.91878,28.35067,210,12.4,2021-11-24 05:03:18
3454,-14.92324,28.34235,204,12.5,2021-11-24 05:05:59
3454,-14.92638,28.33604,203,12.4,2021-11-24 05:07:59
3454,-14.93132,28.3261,203,12.4,2021-11-24 05:11:07
3454,-14.93528,28.31805,204,12.5,2021-11-24 05:13:39
3454,-14.93901,28.31066,203,12.5,2021-11-24 05:15:58
3454,-14.94359,28.30163,204,12.4,2021-11-24 05:18:49
3454,-14.94787,28.29325,204,12.4,2021-11-24 05:21:29
3454,-14.95273,28.28385,204,12.5,2021-11-24 05:24:28
3454,-14.95749,28.275,206,12.4,2021-11-24 05:27:18
3454,-14.96195,28.26673,206,12.4,2021-11-24 05:29:58
3454,-14.9664,28.25851,205,11.8,2021-11-24 05:32:39
3454,-14.9705,28.24997,201,11.7,2021-11-24 05:35:29
3454,-14.97402,28.24237,202,11.7,2021-11-24 05:37:59
3454,-14.97727,28.23546,202,11.2,2021-11-24 05:40:19
3454,-14.98138,28.22698,203,11.1,2021-11-24 05:43:18
3454,-14.98463,28.22024,202,11.3,2021-11-24 05:45:38
3454,-14.98806,28.21306,203,11.2,2021-11-24 05:48:08
3454,-14.99119,28.20652,205,11.1,2021-11-24 05:50:25
3454,-15.00548,28.20178,256,11.2,2021-11-24 05:54:57
3454,-15.01356,28.20011,256,11.2,2021-11-24 05:57:18
3454,-15.02099,28.19855,256,11.2,2021-11-24 05:59:28
3454,-15.0318,28.19621,256,11.2,2021-11-24 06:02:38
3454,-15.04083,28.19422,256,11.2,2021-11-24 06:05:17
3454,-15.04937,28.19237,256,11.2,2021-11-24 06:07:47
3454,-15.0591,28.19029,256,11.1,2021-11-24 06:10:39
3454,-15.0685,28.18838,257,11.0,2021-11-24 06:13:27
3454,-15.07813,28.18647,257,11.0,2021-11-24 06:16:18
3454,-15.08878,28.1844,257,10.9,2021-11-24 06:19:27
3454,-15.09723,28.1826,257,11.0,2021-11-24 06:21:59
3454,-15.1061,28.18071,256,10.9,2021-11-24 06:24:38
3454,-15.11454,28.17891,255,11.0,2021-11-24 06:27:09
3454,-15.12225,28.17722,256,10.7,2021-11-24 06:29:28
3454,-15.13096,28.17524,255,10.6,2021-11-24 06:32:09
3454,-15.1389,28.17337,255,10.6,2021-11-24 06:34:37
3454,-15.14747,28.17132,254,10.5,2021-11-24 06:37:18
3454,-15.15604,28.16922,253,10.5,2021-11-24 06:39:59
3454,-15.16444,28.1671,254,10.5,2021-11-24 06:42:38
3454,-15.17185,28.16525,254,10.4,2021-11-24 06:44:59
3454,-15.17965,28.16327,253,10.5,2021-11-24 06:47:27
3454,-15.18766,28.16122,254,10.5,2021-11-24 06:49:58
3454,-15.19608,28.15912,254,10.5,2021-11-24 06:52:37
3454,-15.203,28.15742,255,10.5,2021-11-24 06:54:49
3454,-15.21055,28.15565,255,10.6,2021-11-24 06:57:08
3454,-15.21857,28.15372,255,10.6,2021-11-24 06:59:37
3454,-15.22625,28.15197,256,10.7,2021-11-24 07:01:59
3454,-15.236,28.14982,255,10.7,2021-11-24 07:04:58
3454,-15.24422,28.14798,255,10.9,2021-11-24 07:07:28
3454,-15.25263,28.14608,255,11.0,2021-11-24 07:09:59
3454,-15.25985,28.1444,255,11.2,2021-11-24 07:12:09
3454,-15.26837,28.14245,254,11.3,2021-11-24 07:14:38
3454,-15.27664,28.14103,261,11.1,2021-11-24 07:17:02
3454,-15.28383,28.13949,256,11.2,2021-11-24 07:19:08
3454,-15.29175,28.13778,256,11.1,2021-11-24 07:21:27
3454,-15.29982,28.1361,256,11.2,2021-11-24 07:23:48
3454,-15.30949,28.13378,255,11.2,2021-11-24 07:26:38
3454,-15.31805,28.13171,255,11.1,2021-11-24 07:29:09
3454,-15.32646,28.12968,254,11.1,2021-11-24 07:31:39
3454,-15.33442,28.1279,256,11.2,2021-11-24 07:33:59
3454,-15.34412,28.12591,256,11.2,2021-11-24 07:36:48
3454,-15.34973,28.12457,247,4.6,2021-11-24 07:39:04
3454,-15.3527,28.12412,277,2.1,2021-11-24 07:42:17
3454,-15.35393,28.1244,288,1.6,2021-11-24 07:44:37
3454,-15.35475,28.12447,258,1.0,2021-11-24 07:46:48
3454,-15.35537,28.1242,236,1.3,2021-11-24 07:48:57
3454,-15.3564,28.12377,260,1.6,2021-11-24 07:51:11
3454,-15.35775,28.12392,278,2.5,2021-11-24 07:53:19
3454,-15.35932,28.12373,241,2.0,2021-11-24 07:55:24
3454,-15.36047,28.12315,262,0.9,2021-11-24 07:58:04
3454,-15.36257,28.1238,279,6.2,2021-11-24 08:00:41
3454,-15.3684,28.12347,257,10.7,2021-11-24 08:02:51
3454,-15.37576,28.12183,253,11.6,2021-11-24 08:04:58
3454,-15.38337,28.11955,244,11.4,2021-11-24 08:07:11
3454,-15.3898,28.11728,253,8.6,2021-11-24 08:09:19
3454,-15.39536,28.11604,258,6.7,2021-11-24 08:11:42
3454,-15.39953,28.11581,274,6.8,2021-11-24 08:13:45
3454,-15.40433,28.11589,275,6.9,2021-11-24 08:15:59
3454,-15.40879,28.11731,300,6.9,2021-11-24 08:18:09
3454,-15.41233,28.12053,318,7.2,2021-11-24 08:20:27
3454,-15.41588,28.12365,322,7.1,2021-11-24 08:22:41
3454,-15.41818,28.12733,334,7.1,2021-11-24 08:24:49
3454,-15.41877,28.13148,2,7.1,2021-11-24 08:26:58
3454,-15.41938,28.13592,339,7.0,2021-11-24 08:29:15
3454,-15.42138,28.13972,322,5.3,2021-11-24 08:31:28
3454,-15.42346,28.14166,302,3.7,2021-11-24 08:33:45
3454,-15.42585,28.14267,301,3.3,2021-11-24 08:35:51
3454,-15.4269,28.14355,317,1.9,2021-11-24 08:38:08
3454,-15.42714,28.14371,255,0.2,2021-11-24 08:40:15
3454,-15.42742,28.1436,237,0.0,2021-11-24 09:02:41
3454,-15.42739,28.14363,237,0.0,2021-11-24 09:24:28
3454,-15.42742,28.1436,237,0.0,2021-11-24 09:46:42
3454,-15.42737,28.1436,237,0.0,2021-11-24 10:06:44
3454,-15.42738,28.14361,237,0.0,2021-11-24 10:27:44
